Workbook

Sheet Gradebook
A1: Game Design gradebook
A2: Type scores only in the yellow cells (blue numbers). Grey columns calculate themselves. Row 6 is an example student: delete or overwrite it. Maximums are in row 4 and come from the Key sheet.
C3: Unity Essentials | E3: Weekly check-ins | J3: Path work | O3: Group project | R3: Reflection and showcase | T3: Totals
A4: Maximum | C4: =Key!$B$20 -> 6 | D4: =Key!$B$21 -> 4 | E4: =Key!$B$22 -> 4 | F4: =Key!$B$22 -> 4 | G4: =Key!$B$22 -> 4 | H4: =Key!$B$22 -> 4 | I4: =Key!$B$22 -> 4 | J4: =Key!$B$23 -> 6 | K4: =Key!$B$23 -> 6 | L4: =Key!$B$23 -> 6 | M4: =Key!$B$23 -> 6 | N4: =Key!$B$23 -> 6 | O4: =Key!$B$24 -> 12 | P4: =Key!$B$25 -> 12 | Q4: =Key!$B$26 -> 6 | R4: =Key!$B$27 -> 5 | S4: =Key!$B$28 -> 5 | T4: =Key!$B$5 -> 10 | U4: =Key!$B$6 -> 20 | V4: =Key!$B$7 -> 30 | W4: =Key!$B$8 -> 30 | X4: =Key!$B$9 -> 10 | Y4: =Key!$B$10 -> 100
A5: Student | B5: Path | C5: Completion | D5: Checkpoint scene | E5: Wk 1 | F5: Wk 2 | G5: Wk 3 | H5: Wk 4 | I5: Wk 5 | J5: Wk 1 | K5: Wk 2 | L5: Wk 3 | M5: Wk 4 | N5: Wk 5 | O5: Team product | P5: Individual | Q5: Teamwork | R5: Reflection | S5: Showcase | T5: Essentials | U5: Check-ins | V5: Path work | W5: Group | X5: Reflect + show | Y5: Total | Z5: Letter
A6: Example Student (delete me) | B6: Design | C6: 6 | D6: 3 | E6: 4 | F6: 4 | G6: 4 | H6: 4 | I6: 2 | J6: 5 | K6: 5 | L6: 5 | M6: 5 | N6: 5 | O6: 10 | P6: 10 | Q6: 5 | R6: 4 | S6: 5 | T6: =IF($A6="","",SUM(C6:D6)) -> 9 | U6: =IF($A6="","",SUM(E6:I6)) -> 18 | V6: =IF($A6="","",SUM(J6:N6)) -> 25 | W6: =IF($A6="","",SUM(O6:Q6)) -> 25 | X6: =IF($A6="","",SUM(R6:S6)) -> 9 | Y6: =IF($A6="","",SUM(T6:X6)) -> 86 | Z6: =IF($A6="","",IF(Y6>=Key!$B$13,"A",IF(Y6>=Key!$B$14,"B",IF(Y6>=Key!$B$15,"C",IF(Y6>=Key!$B$16,"D","F"))))) -> B
T7: =IF($A7="","",SUM(C7:D7)) | U7: =IF($A7="","",SUM(E7:I7)) | V7: =IF($A7="","",SUM(J7:N7)) | W7: =IF($A7="","",SUM(O7:Q7)) | X7: =IF($A7="","",SUM(R7:S7)) | Y7: =IF($A7="","",SUM(T7:X7)) | Z7: =IF($A7="","",IF(Y7>=Key!$B$13,"A",IF(Y7>=Key!$B$14,"B",IF(Y7>=Key!$B$15,"C",IF(Y7>=Key!$B$16,"D","F")))))
T8: =IF($A8="","",SUM(C8:D8)) | U8: =IF($A8="","",SUM(E8:I8)) | V8: =IF($A8="","",SUM(J8:N8)) | W8: =IF($A8="","",SUM(O8:Q8)) | X8: =IF($A8="","",SUM(R8:S8)) | Y8: =IF($A8="","",SUM(T8:X8)) | Z8: =IF($A8="","",IF(Y8>=Key!$B$13,"A",IF(Y8>=Key!$B$14,"B",IF(Y8>=Key!$B$15,"C",IF(Y8>=Key!$B$16,"D","F")))))
T9: =IF($A9="","",SUM(C9:D9)) | U9: =IF($A9="","",SUM(E9:I9)) | V9: =IF($A9="","",SUM(J9:N9)) | W9: =IF($A9="","",SUM(O9:Q9)) | X9: =IF($A9="","",SUM(R9:S9)) | Y9: =IF($A9="","",SUM(T9:X9)) | Z9: =IF($A9="","",IF(Y9>=Key!$B$13,"A",IF(Y9>=Key!$B$14,"B",IF(Y9>=Key!$B$15,"C",IF(Y9>=Key!$B$16,"D","F")))))
T10: =IF($A10="","",SUM(C10:D10)) | U10: =IF($A10="","",SUM(E10:I10)) | V10: =IF($A10="","",SUM(J10:N10)) | W10: =IF($A10="","",SUM(O10:Q10)) | X10: =IF($A10="","",SUM(R10:S10)) | Y10: =IF($A10="","",SUM(T10:X10)) | Z10: =IF($A10="","",IF(Y10>=Key!$B$13,"A",IF(Y10>=Key!$B$14,"B",IF(Y10>=Key!$B$15,"C",IF(Y10>=Key!$B$16,"D","F")))))
T11: =IF($A11="","",SUM(C11:D11)) | U11: =IF($A11="","",SUM(E11:I11)) | V11: =IF($A11="","",SUM(J11:N11)) | W11: =IF($A11="","",SUM(O11:Q11)) | X11: =IF($A11="","",SUM(R11:S11)) | Y11: =IF($A11="","",SUM(T11:X11)) | Z11: =IF($A11="","",IF(Y11>=Key!$B$13,"A",IF(Y11>=Key!$B$14,"B",IF(Y11>=Key!$B$15,"C",IF(Y11>=Key!$B$16,"D","F")))))
T12: =IF($A12="","",SUM(C12:D12)) | U12: =IF($A12="","",SUM(E12:I12)) | V12: =IF($A12="","",SUM(J12:N12)) | W12: =IF($A12="","",SUM(O12:Q12)) | X12: =IF($A12="","",SUM(R12:S12)) | Y12: =IF($A12="","",SUM(T12:X12)) | Z12: =IF($A12="","",IF(Y12>=Key!$B$13,"A",IF(Y12>=Key!$B$14,"B",IF(Y12>=Key!$B$15,"C",IF(Y12>=Key!$B$16,"D","F")))))
T13: =IF($A13="","",SUM(C13:D13)) | U13: =IF($A13="","",SUM(E13:I13)) | V13: =IF($A13="","",SUM(J13:N13)) | W13: =IF($A13="","",SUM(O13:Q13)) | X13: =IF($A13="","",SUM(R13:S13)) | Y13: =IF($A13="","",SUM(T13:X13)) | Z13: =IF($A13="","",IF(Y13>=Key!$B$13,"A",IF(Y13>=Key!$B$14,"B",IF(Y13>=Key!$B$15,"C",IF(Y13>=Key!$B$16,"D","F")))))
T14: =IF($A14="","",SUM(C14:D14)) | U14: =IF($A14="","",SUM(E14:I14)) | V14: =IF($A14="","",SUM(J14:N14)) | W14: =IF($A14="","",SUM(O14:Q14)) | X14: =IF($A14="","",SUM(R14:S14)) | Y14: =IF($A14="","",SUM(T14:X14)) | Z14: =IF($A14="","",IF(Y14>=Key!$B$13,"A",IF(Y14>=Key!$B$14,"B",IF(Y14>=Key!$B$15,"C",IF(Y14>=Key!$B$16,"D","F")))))
T15: =IF($A15="","",SUM(C15:D15)) | U15: =IF($A15="","",SUM(E15:I15)) | V15: =IF($A15="","",SUM(J15:N15)) | W15: =IF($A15="","",SUM(O15:Q15)) | X15: =IF($A15="","",SUM(R15:S15)) | Y15: =IF($A15="","",SUM(T15:X15)) | Z15: =IF($A15="","",IF(Y15>=Key!$B$13,"A",IF(Y15>=Key!$B$14,"B",IF(Y15>=Key!$B$15,"C",IF(Y15>=Key!$B$16,"D","F")))))
T16: =IF($A16="","",SUM(C16:D16)) | U16: =IF($A16="","",SUM(E16:I16)) | V16: =IF($A16="","",SUM(J16:N16)) | W16: =IF($A16="","",SUM(O16:Q16)) | X16: =IF($A16="","",SUM(R16:S16)) | Y16: =IF($A16="","",SUM(T16:X16)) | Z16: =IF($A16="","",IF(Y16>=Key!$B$13,"A",IF(Y16>=Key!$B$14,"B",IF(Y16>=Key!$B$15,"C",IF(Y16>=Key!$B$16,"D","F")))))
T17: =IF($A17="","",SUM(C17:D17)) | U17: =IF($A17="","",SUM(E17:I17)) | V17: =IF($A17="","",SUM(J17:N17)) | W17: =IF($A17="","",SUM(O17:Q17)) | X17: =IF($A17="","",SUM(R17:S17)) | Y17: =IF($A17="","",SUM(T17:X17)) | Z17: =IF($A17="","",IF(Y17>=Key!$B$13,"A",IF(Y17>=Key!$B$14,"B",IF(Y17>=Key!$B$15,"C",IF(Y17>=Key!$B$16,"D","F")))))
T18: =IF($A18="","",SUM(C18:D18)) | U18: =IF($A18="","",SUM(E18:I18)) | V18: =IF($A18="","",SUM(J18:N18)) | W18: =IF($A18="","",SUM(O18:Q18)) | X18: =IF($A18="","",SUM(R18:S18)) | Y18: =IF($A18="","",SUM(T18:X18)) | Z18: =IF($A18="","",IF(Y18>=Key!$B$13,"A",IF(Y18>=Key!$B$14,"B",IF(Y18>=Key!$B$15,"C",IF(Y18>=Key!$B$16,"D","F")))))
... T45: =IF($A45="","",SUM(C45:D45)) | U45: =IF($A45="","",SUM(E45:I45)) | V45: =IF($A45="","",SUM(J45:N45)) | W45: =IF($A45="","",SUM(O45:Q45)) | X45: =IF($A45="","",SUM(R45:S45)) | Y45: =IF($A45="","",SUM(T45:X45)) | Z45: =IF($A45="","",IF(Y45>=Key!$B$13,"A",IF(Y45>=Key!$B$14,"B",IF(Y45>=Key!$B$15,"C",IF(Y45>=Key!$B$16,"D","F")))))

Sheet Class summary
A1: Class summary
A2: Calculated from the Gradebook sheet. Delete the example student first, or it is counted here.
A4: Students graded | B4: =COUNT(Gradebook!Y6:Y45) -> 1
A5: Class average (points out of 100) | B5: =IFERROR(AVERAGE(Gradebook!Y6:Y45),"") -> 86
A7: Letter grades
A8: A | B8: =COUNTIF(Gradebook!Z6:Z45,A8) -> 0
A9: B | B9: =COUNTIF(Gradebook!Z6:Z45,A9) -> 1
A10: C | B10: =COUNTIF(Gradebook!Z6:Z45,A10) -> 0
A11: D | B11: =COUNTIF(Gradebook!Z6:Z45,A11) -> 0
A12: F | B12: =COUNTIF(Gradebook!Z6:Z45,A12) -> 0
A14: Average total by path
A15: Design | B15: =IFERROR(AVERAGEIF(Gradebook!B6:B45,A15,Gradebook!Y6:Y45),"") -> 86
A16: Programming | B16: =IFERROR(AVERAGEIF(Gradebook!B6:B45,A16,Gradebook!Y6:Y45),"")
A17: Development / Management | B17: =IFERROR(AVERAGEIF(Gradebook!B6:B45,A17,Gradebook!Y6:Y45),"")
A18: Game Writing | B18: =IFERROR(AVERAGEIF(Gradebook!B6:B45,A18,Gradebook!Y6:Y45),"")
A20: Average by category (percent of that category's points)
A21: Unity Essentials | B21: =IFERROR(AVERAGE(Gradebook!T6:T45)/Key!$B$5,"") -> 0.9
A22: Weekly check-ins | B22: =IFERROR(AVERAGE(Gradebook!U6:U45)/Key!$B$6,"") -> 0.9
A23: Path work | B23: =IFERROR(AVERAGE(Gradebook!V6:V45)/Key!$B$7,"") -> 0.83333333
A24: Group project | B24: =IFERROR(AVERAGE(Gradebook!W6:W45)/Key!$B$8,"") -> 0.83333333
A25: Reflection and showcase | B25: =IFERROR(AVERAGE(Gradebook!X6:X45)/Key!$B$9,"") -> 0.9

Sheet Writing converter
A1: Game Writing: rubric points to weekly path-work score
A2: Each Game Writing deliverable is scored on a 16-point rubric. The weekly path-work score is rubric points x 6 / 16, rounded to the nearest half point.
A4: Rubric points (0 to 16) | B4: Weekly score (0 to 6) | D4: Rubric maximum | E4: 16
A5: 0 | B5: =ROUND(A5*$E$5/$E$4*2,0)/2 -> 0 | D5: Weekly maximum | E5: =Key!B23 -> 6
A6: 1 | B6: =ROUND(A6*$E$5/$E$4*2,0)/2 -> 0.5
A7: 2 | B7: =ROUND(A7*$E$5/$E$4*2,0)/2 -> 1
A8: 3 | B8: =ROUND(A8*$E$5/$E$4*2,0)/2 -> 1
A9: 4 | B9: =ROUND(A9*$E$5/$E$4*2,0)/2 -> 1.5
A10: 5 | B10: =ROUND(A10*$E$5/$E$4*2,0)/2 -> 2
A11: 6 | B11: =ROUND(A11*$E$5/$E$4*2,0)/2 -> 2.5
A12: 7 | B12: =ROUND(A12*$E$5/$E$4*2,0)/2 -> 2.5
A13: 8 | B13: =ROUND(A13*$E$5/$E$4*2,0)/2 -> 3
A14: 9 | B14: =ROUND(A14*$E$5/$E$4*2,0)/2 -> 3.5
A15: 10 | B15: =ROUND(A15*$E$5/$E$4*2,0)/2 -> 4
A16: 11 | B16: =ROUND(A16*$E$5/$E$4*2,0)/2 -> 4
A17: 12 | B17: =ROUND(A17*$E$5/$E$4*2,0)/2 -> 4.5
... A21: 16 | B21: =ROUND(A21*$E$5/$E$4*2,0)/2 -> 6

Sheet Key
A1: Game Design scoring key
A2: Source: Game Design Grading and Scoring Guide (this course kit). Change the numbers below to change the whole gradebook.
A4: Category | B4: Points
A5: Unity Essentials | B5: 10
A6: Weekly check-ins | B6: 20
A7: Path work | B7: 30
A8: Group project | B8: 30
A9: Reflection and showcase | B9: 10
A10: Total | B10: =SUM(B5:B9) -> 100
A12: Letter grade cutoffs (percent)
A13: A | B13: 90
A14: B | B14: 80
A15: C | B15: 70
A16: D | B16: 60
A17: Below the D cutoff is an F.
A19: Maximum score for each gradebook column
A20: Essentials completion | B20: 6
A21: Essentials checkpoint scene | B21: 4
A22: Weekly check-in (each of 5) | B22: 4
A23: Path work week (each of 5) | B23: 6
A24: Team product | B24: 12
A25: Individual contribution | B25: 12
A26: Teamwork | B26: 6
A27: Written reflection | B27: 5
A28: Showcase demo | B28: 5
A30: Blue numbers on a yellow fill are settings you can change. Everything else is calculated.
